{
    "camera_matrix": [
        [
            3074.9937018114983,
            0.0,
            2044.0452610230145
        ],
        [
            0.0,
            3094.0254209280456,
            1633.4400363355874
        ],
        [
            0.0,
            0.0,
            1.0
        ]
    ],
    "distortion_coefficients": [
        [
            0.30309419970694357,
            -0.7087553807370806,
            0.011268362139408577,
            0.0015892585504344568,
            0.7018782392003792
        ]
    ]
}